INSERT INTO `geo_countries` (`id_country`, `name`, `id_continent`) VALUES (1,'Algeria',1),(2,'Angola',1),(3,'Benin',1),(4,'Botswana',1),(5,'Burkina Faso',1),(6,'Burundi',1),(7,'Cameroon',1),(8,'Cape Verde',1),(9,'Central African Rep',1),(10,'Chad',1),(11,'Congo',1),(12,'Dem. Rep. Congo (Zaire)',1),(13,'Djibouti',1),(14,'Egypt',1),(15,'Equatorial Guinea',1),(16,'Eritrea',1),(17,'Ethiopia',1),(18,'Gabon',1),(19,'Gambia',1),(20,'Ghana',1),(21,'Guinea Bissau',1),(22,'Guinea',1),(23,'Ivory Coast',1),(24,'Kenya',1),(25,'Lesotho',1),(26,'Liberia',1),(27,'Libya',1),(28,'Madagascar',1),(29,'Malawi',1),(30,'Mali',1),(31,'Mauritania',1),(32,'Mauritius',1),(33,'Morocco',1),(34,'Mozambique',1),(35,'Namibia',1),(36,'Niger',1),(37,'Nigeria',1),(38,'Reunion',1),(39,'Rwanda',1),(40,'Senegal',1),(41,'Seychelles',1),(42,'Sierra Leone',1),(43,'Somalia',1),(44,'South Africa',1),(45,'Sudan',1),(46,'Swaziland',1),(47,'Tanzania',1),(48,'Togo',1),(49,'Tunisia',1),(50,'Uganda',1),(51,'Zambia',1),(52,'Zanzibar',1),(53,'Zimbabwe',1),(54,'Afghanistan',2),(55,'Albania',3),(56,'Andorra',3),(57,'Antigua and Barbuda',5),(58,'Argentina',5),(59,'Armenia',2),(60,'Australia',4),(61,'Austria',3),(62,'Azerbaijan',2),(63,'Bahamas',5),(64,'Bahrain',2),(65,'Bangladesh',2),(66,'Barbados',5),(67,'Belarus',3),(68,'Belgium',3),(69,'Belize',5),(70,'Bhutan',2),(71,'Bolivia',5),(72,'Bosnia and Herzegowina',3),(73,'Brazil',5),(74,'Brunei',2),(75,'Bulgaria',3),(76,'Cambodia',2),(77,'Canada',5),(78,'Chile',5),(79,'China',2),(80,'Colombia',5),(81,'Comoros',1),(82,'Costa Rica',5),(83,'Croatia',3),(84,'Cuba',5),(85,'Cyprus',3),(86,'Czech Republic',3),(87,'Denmark',3),(88,'Dominica',5),(89,'Dominican Republic',5),(90,'East Timor',2),(91,'Ecuador',5),(92,'El Salvador',5),(93,'Estonia',3),(94,'Fiji',4),(95,'Finland',3),(96,'France',3),(97,'Georgia',2),(98,'Germany',3),(99,'Greece',3),(100,'Grenada',5),(101,'Guatemala',5),(102,'Guyana',5),(103,'Haiti',5),(104,'Honduras',5),(105,'Hungary',3),(106,'Iceland',3),(107,'India',2),(108,'Indonesia',4),(109,'Iran',2),(110,'Iraq',2),(111,'Ireland',3),(112,'Israel',2),(113,'Italy',3),(114,'Jamaica',5),(115,'Japan',2),(116,'Jordan',2),(117,'Kazakhstan',2),(118,'Kiribati',4),(119,'Korea (North)',2),(120,'Korea (South)',2),(121,'Kuwait',2),(122,'Kyrgyzstan',2),(123,'Laos',2),(124,'Latvia',3),(125,'Lebanon',2),(126,'Liechtenstein',3),(127,'Lithuania',3),(128,'Luxembourg',3),(129,'Macedonia',3),(130,'Malaysia',2),(131,'Maldives',2),(132,'Malta',3),(133,'Marshall Islands',4),(134,'Mexico',5),(135,'Micronesia',4),(136,'Moldova',3),(137,'Monaco',3),(138,'Mongolia',2),(139,'Montenegro',3),(140,'Burma',2),(141,'Nauru',4),(142,'Nepal',2),(143,'Netherlands',3),(144,'New Zealand',4),(145,'Nicaragua',5),(146,'Norway',3),(147,'Oman',2),(148,'Pakistan',2),(149,'Palau',4),(150,'Palestine',2),(151,'Panama',5),(152,'Papua New Guinea',4),(153,'Paraguay',5),(154,'Peru',5),(155,'Philippines',2),(156,'Poland',3),(157,'Portugal',3),(158,'Puerto Rico',5),(159,'Qatar',2),(160,'Romania',3),(161,'Russia',3),(162,'Saint Kitts and Nevis',5),(163,'Saint Lucia',5),(164,'Saint Vincent and the Grenadines',5),(165,'Samoa',4),(166,'San Marino',3),(167,'Sao Tome and Principe',1),(168,'Saudi Arabia',2),(169,'Serbia',3),(170,'Singapore',2),(171,'Slovakia',3),(172,'Slovenia',3),(173,'Solomon Islands',4),(174,'Spain',3),(175,'Sri Lanka',2),(176,'Suriname',5),(177,'Sweden',3),(178,'Switzerland',3),(179,'Syria',2),(180,'Taiwan',2),(181,'Tajikistan',2),(182,'Thailand',2),(183,'Tonga',4),(184,'Trinidad and Tobago',5),(185,'Turkey',2),(186,'Turkmenistan',2),(187,'Tuvalu',4),(188,'Ukraine',3),(189,'United Arab Emirates',2),(190,'United Kingdom',3),(191,'United States',5),(192,'Uruguay',5),(193,'Uzbekistan',2),(194,'Vanuatu',4),(195,'Vatican City',3),(196,'Venezuela',5),(197,'Vietnam',2),(198,'Yemen',2);
INSERT INTO `relations` (`id_relation`, `name`) VALUES (1,'is-a'),(2,'related-to'),(3,'contains'),(4,'equals');
INSERT INTO `prov` (`id_prov`, `prov`, `id_reg`, `pr`, `it`) VALUES (1,'Agrigento',19,'AG',1),(2,'Alessandria',2,'AL',1),(3,'Ancona',10,'AN',1),(4,'Aosta',1,'AO',1),(5,'Arezzo',8,'AR',1),(6,'Ascoli Piceno',10,'AP',1),(7,'Asti',2,'AT',1),(8,'Avellino',15,'AV',1),(9,'Bari',17,'BA',1),(10,'Belluno',4,'BL',1),(11,'Benevento',15,'BN',1),(12,'Bergamo',3,'BG',1),(13,'Biella',2,'BI',1),(14,'Bologna',9,'BO',1),(15,'Bolzano',5,'BZ',1),(16,'Brescia',3,'BS',1),(17,'Brindisi',17,'BR',1),(18,'Cagliari',20,'CA',1),(19,'Caltanissetta',19,'CL',1),(20,'Campobasso',14,'CB',1),(21,'Caserta',15,'CE',1),(22,'Catania',19,'CT',1),(23,'Catanzaro',18,'CZ',1),(24,'Chieti',13,'CH',1),(25,'Como',3,'CO',1),(26,'Cosenza',18,'CS',1),(27,'Cremona',3,'CR',1),(28,'Crotone',18,'KR',1),(29,'Cuneo',2,'CN',1),(30,'Enna',19,'EN',1),(31,'Ferrara',9,'FE',1),(32,'Firenze',8,'FI',1),(33,'Foggia',17,'FG',1),(34,'Forli\'-Cesena',9,'FC',1),(35,'Frosinone',12,'FR',1),(36,'Genova',7,'GE',1),(37,'Gorizia',6,'GO',1),(38,'Grosseto',8,'GR',1),(39,'Imperia',7,'IM',1),(40,'Isernia',14,'IS',1),(41,'L\'Aquila',13,'AQ',1),(42,'La Spezia',7,'SP',1),(43,'Latina',12,'LT',1),(44,'Lecce',17,'LE',1),(45,'Lecco',3,'LC',1),(46,'Livorno',8,'LI',1),(47,'Lodi',3,'LO',1),(48,'Lucca',8,'LU',1),(49,'Macerata',10,'MC',1),(50,'Mantova',3,'MN',1),(51,'Massa-Carrara',8,'MS',1),(52,'Matera',16,'MT',1),(53,'Messina',19,'ME',1),(54,'Milano',3,'MI',1),(55,'Modena',9,'MO',1),(56,'Napoli',15,'NA',1),(57,'Novara',2,'NO',1),(58,'Nuoro',20,'NU',1),(59,'Oristano',20,'OR',1),(60,'Padova',4,'PD',1),(61,'Palermo',19,'PA',1),(62,'Parma',9,'PR',1),(63,'Pavia',3,'PV',1),(64,'Perugia',11,'PG',1),(65,'Pesaro-Urbino',10,'PU',1),(66,'Pescara',13,'PE',1),(67,'Piacenza',9,'PC',1),(68,'Pisa',8,'PI',1),(69,'Pistoia',8,'PT',1),(70,'Pordenone',6,'PN',1),(71,'Potenza',16,'PZ',1),(72,'Prato',8,'PO',1),(73,'Ragusa',19,'RG',1),(74,'Ravenna',9,'RA',1),(75,'Reggio Calabria',18,'RC',1),(76,'Reggio Emilia',9,'RE',1),(77,'Rieti',12,'RI',1),(78,'Rimini',9,'RN',1),(79,'Roma',12,'RM',1),(80,'Rovigo',4,'RO',1),(81,'Salerno',15,'SA',1),(82,'Sassari',20,'SS',1),(83,'Savona',7,'SV',1),(84,'Siena',8,'SI',1),(85,'Siracusa',19,'SR',1),(86,'Sondrio',3,'SO',1),(87,'Taranto',17,'TA',1),(88,'Teramo',13,'TE',1),(89,'Terni',11,'TR',1),(90,'Torino',2,'TO',1),(91,'Trapani',19,'TP',1),(92,'Trento',5,'TN',1),(93,'Treviso',4,'TV',1),(94,'Trieste',6,'TS',1),(95,'Udine',6,'UD',1),(96,'Varese',3,'VA',1),(97,'Venezia',4,'VE',1),(98,'Verbano-Cussio-Ossola',2,'VB',1),(99,'Vercelli',2,'VC',1),(100,'Verona',4,'VR',1),(101,'Vibo Valentia',18,'VV',1),(102,'Vicenza',4,'VI',1),(103,'Viterbo',12,'VT',1),(104,'--Estero--',21,'',0),(105,'--N/A--',22,'',0),(106,'Olbia-Tempio',20,'OT',1),(107,'Carbonia-Iglesias',20,'CI',1),(108,'Medio Campidano',20,'MD',1),(109,'Ogliastra',20,'OG',1),(110,'Monza e Brianza',3,'MB',1),(111,'Fermo',10,'FM',1),(112,'Barletta-Andria-Trani',17,'BT',1);
INSERT INTO `reg` (`id_reg`, `reg`, `sort`) VALUES (1,'Val d\'Aosta',19),(2,'Piemonte',12),(3,'Lombardia',9),(4,'Veneto',20),(5,'Trentino Alto Adige',17),(6,'Friuli Venezia Giulia',6),(7,'Liguria',8),(8,'Toscana',16),(9,'Emilia Romagna',5),(10,'Marche',10),(11,'Umbria',18),(12,'Lazio',7),(13,'Abruzzo',1),(14,'Molise',11),(15,'Campania',4),(16,'Basilicata',2),(17,'Puglia',13),(18,'Calabria',3),(19,'Sicilia',15),(20,'Sardegna',14),(21,'--Estero--',21),(22,'--N/A--',22);
INSERT INTO `cron` (`hour`, `minute`, `id_scheduler`) VALUES (0,5,0),(4,15,1),(13,30,2),(11,0,3),(17,0,4),(21,0,5);
INSERT INTO `uk_countries` (`id_country`, `name`) VALUES (1,'England'),(2,'Wales'),(3,'Scotland'),(4,'Northern Ireland');
INSERT INTO `uk_counties` (`id_county`, `name`, `id_country`) VALUES (1,'Bedfordshire',1),(2,'Berkshire',1),(3,'Buckinghamshire',1),(4,'Cambridgeshire',1),(5,'Cheshire',1),(6,'Cornwall',1),(7,'Cumberland',1),(8,'Derbyshire',1),(9,'Devon',1),(10,'Dorset',1),(11,'Durham',1),(12,'Essex',1),(13,'Gloucestershire',1),(14,'Hampshire',1),(15,'Herefordshire',1),(16,'Hertfordshire',1),(17,'Huntingdonshire',1),(18,'Kent',1),(19,'Lancashire',1),(20,'Leicestershire',1),(21,'Lincolnshire',1),(22,'Middlesex',1),(23,'Norfolk',1),(24,'Northamptonshire',1),(25,'Northumberland',1),(26,'Nottinghamshire',1),(27,'Oxfordshire',1),(28,'Rutland',1),(29,'Shropshire',1),(30,'Somerset',1),(31,'Staffordshire',1),(32,'Suffolk',1),(33,'Surrey',1),(34,'Sussex',1),(35,'Warwickshire',1),(36,'Westmorland',1),(37,'Wiltshire',1),(38,'Worcestershire',1),(39,'Yorkshire',1),(40,'Anglesey',2),(41,'Brecknockshire',2),(42,'Caernarfonshire',2),(43,'Carmarthenshire',2),(44,'Cardiganshire',2),(45,'Denbighshire',2),(46,'Flintshire',2),(47,'Glamorgan',2),(48,'Merioneth',2),(49,'Monmouthshire',2),(50,'Montgomeryshire',2),(51,'Pembrokeshire',2),(52,'Radnorshire',2),(53,'Aberdeenshire',3),(54,'Angus',3),(55,'Argyllshire',3),(56,'Ayrshire',3),(57,'Banffshire',3),(58,'Berwickshire',3),(59,'Buteshire',3),(60,'Cromartyshire',3),(61,'Caithness',3),(62,'Clackmannanshire',3),(63,'Dumfriesshire',3),(64,'Dunbartonshire',3),(65,'East Lothian',3),(66,'Fife',3),(67,'Inverness-shire',3),(68,'Kincardineshire',3),(69,'Kinross',3),(70,'Kirkcudbrightshire',3),(71,'Lanarkshire',3),(72,'Midlothian',3),(73,'Morayshire',3),(74,'Nairnshire',3),(75,'Orkney',3),(76,'Peeblesshire',3),(77,'Perthshire',3),(78,'Renfrewshire',3),(79,'Ross-shire',3),(80,'Roxburghshire',3),(81,'Selkirkshire',3),(82,'Shetland',3),(83,'Stirlingshire',3),(84,'Sutherland',3),(85,'West Lothian',3),(86,'Wigtownshire',3),(87,'Antrim',4),(88,'Armagh',4),(89,'Down',4),(90,'Fermanagh',4),(91,'Londonderry',4),(92,'Tyrone',4);
INSERT INTO `eire_counties` (`id_county`, `name`) VALUES (1,'Carlow'),(2,'Cavan'),(3,'Clare'),(4,'Cork'),(5,'Donegal'),(6,'Dublin'),(7,'Galway'),(8,'Kerry'),(9,'Kildare'),(10,'Kilkenny'),(11,'Laois'),(12,'Leitrim'),(13,'Limerick'),(14,'Longford'),(15,'Louth'),(16,'Mayo'),(17,'Meath'),(18,'Monaghan'),(19,'Offaly'),(20,'Roscommon'),(21,'Sligo'),(22,'Tipperary'),(23,'Waterford'),(24,'Westmeath'),(25,'Wexford'),(26,'Wicklow');

INSERT INTO `modules` (`id_module`, `path`, `sort`, `restricted`, `layout`, `internal`, `active`, `admin`, `global`) VALUES (1,'users',90,1,0,1,1,1,0),(2,'mail',1,0,0,1,1,1,0),(3,'homepage',3,1,0,1,1,1,0),(4,'topics',8,0,0,1,1,1,0),(5,'articles',5,0,0,1,1,1,0),(6,'quotes',10,0,1,1,1,1,0),(7,'galleries',80,1,1,1,1,1,0),(8,'orgs',20,1,1,0,0,1,0),(9,'media',30,1,1,0,0,1,0),(10,'layout',15,1,0,1,1,1,0),(11,'lists',6,1,1,0,0,1,0),(12,'events',25,1,1,1,1,1,0),(13,'ontology',70,1,0,1,1,1,0),(14,'admin',100,1,0,1,1,1,0),(15,'payments',85,1,0,0,0,1,0),(16,'books',60,1,1,0,0,1,0),(17,'phpeace',110,1,0,1,1,1,0),(18,'gate',0,0,0,1,1,1,0),(19,'stats',120,0,0,1,1,1,0),(20,'ali',7,1,0,0,0,1,0),(21,'translations',9,0,0,0,0,1,0),(22,'hdc',51,1,1,0,0,1,0),(23,'meet',88,1,1,0,0,1,0),(24,'banners',16,1,0,1,1,1,0),(25,'dodc',91,1,1,0,0,1,0),(26,'itatour',17,1,1,0,0,1,0),(27,'ecommerce',18,1,1,0,0,1,0),(28,'people',89,1,1,1,1,1,0),(29,'astro',21,1,1,0,0,1,0),(30,'epg',22,1,1,0,0,1,0),(31,'ebook',61,1,1,0,0,0,0),(32,'widgets',4,1,1,0,0,0,1),(33,'uss',103,1,0,0,0,0,0),(34,'parlamonitor',87,1,0,0,0,0,0);